id,class,source_id,timecode,summary,external_verification,needs_audio_check,tags,source_voice_role,normalized_by
CLAIM-002-01,ATLAS RECORD,REC-002,~00:00–01:02 (accelerated edit),A forthcoming Sargasso Sea conflict is connected to proposed military movements and vulnerability around the Panama Canal.,not verified,True,,posted_recording_voice_unverified,CLAIM-002-05
CLAIM-002-02,ATLAS RECORD,REC-002,~01:02–01:34 (accelerated edit),"Different videos are described as data components of a greater structure called the Celestial Atlas, described as a game plan/manual for the preservation of civilization.",not verified,True,,posted_recording_voice_unverified,CLAIM-002-07
CLAIM-002-03,ATLAS RECORD,REC-002,~02:27–02:40 (accelerated edit),Atlas describes certain neurotransmitters as modulators of magical access.,not verified,True,,posted_recording_voice_unverified,CLAIM-002-08
CLAIM-002-04,ATLAS RECORD,REC-002,~02:40–04:01 (accelerated edit),A proposed mechanism by which attacks on civil rights and security create survival-focused conditions and thereby suppress alleged capacities.,not verified,True,,posted_recording_voice_unverified,CLAIM-002-10
CLAIM-002-05,ATLAS RECORD,REC-002,0:01-1:07,"Three weeks after a July 24 outline, the speaker describes US naval moves (Pacific Fleet carrier to the Atlantic, contract Israeli combatants, second carrier to the Middle East) as unfolding a predicted Sargasso Sea war scenario.",not verified,False,sargasso;prediction;military,posted_recording_voice_unverified,
CLAIM-002-06,ATLAS RECORD,REC-002,0:01-1:07,Disabling the Panama Canal would strand the fleet for months; the speaker reasons that proper military intelligence would route Atlantic Fleet escorts through the canal for the carrier transit.,not verified,False,panama;sargasso;prediction,posted_recording_voice_unverified,
CLAIM-002-07,ATLAS RECORD,REC-002,2:22-3:08,"The videos are described as ""data components"" of a structure the speaker terms the Celestial Atlas: a full game plan / player’s manual to preserve civilization (or a portion of it), mostly about information distribution.",not verified,False,atlas;architecture,posted_recording_voice_unverified,
CLAIM-002-08,ATLAS RECORD,REC-002,3:14-3:48,"The ""magic of consciousness"" is described as directly impacted by neurotransmitter balance and priorities; the speaker rejects ""light and love"" metaphysical approaches as ineffective.",not verified,False,consciousness;neurotransmitter;magic,posted_recording_voice_unverified,
CLAIM-002-09,ATLAS RECORD,REC-002,3:49-4:15,"The speaker cites Jesus as embodiment of love who nonetheless ""believed in corporal punishment,"" using it to argue love alone does not fix systems.",not verified,True,rhetoric;christianity,posted_recording_voice_unverified,
CLAIM-002-10,ATLAS RECORD,REC-002,8:17-8:49,"Suppressing people’s security and rights (Maslow-style survival pressure, depleted ""spoons"") is described as forcing them away from the states of consciousness needed to conduct magic.",not verified,False,maslow;magic;suppression,posted_recording_voice_unverified,
CLAIM-002-11,ATLAS RECORD,REC-002,8:17-8:49,"The speaker concludes that ""the systems themselves are integrated"" and promises further records on another factor affecting magic.",not verified,False,atlas;architecture,posted_recording_voice_unverified,
CLAIM-003-01,ATLAS RECORD,REC-003,0:02-0:36,A door handle began moving as the speaker approached; no one was on the other side. The speaker interprets this as spontaneous ability emergence (intention acting before contact).,not verified,False,abilities;anecdote,posted_recording_voice_unverified,
CLAIM-003-02,ATLAS RECORD,REC-003,0:36-1:20,"The speaker claims past telekinesis experience and frames magic as ""the science of consciousness.""",not verified,False,abilities;magic,posted_recording_voice_unverified,
CLAIM-003-03,ATLAS RECORD,REC-003,0:36-1:20,"A ""Cognition training"" program is being prepared on the speaker’s Discord server to teach control of consciousness states that produce abilities, while the speaker reports deliberately inducing opposite conditions in themselves.",not verified,False,training;discord;consciousness,posted_recording_voice_unverified,
CLAIM-004-01,ATLAS RECORD,REC-004,,"A global network of underground base stations is described as forming the ""Celestial Grid"": ley lines as planes of relativity that partition Earth into regional zones; certain bloodlines receive genetic access to the grid’s functions.",not verified,True,grid;ley-lines;bloodlines,posted_recording_voice_unverified,
CLAIM-004-02,ATLAS RECORD,REC-004,,Celestial libraries (Akashic-records hardware) are described as accessible through the grid for those with the correct genetic signature.,not verified,True,grid;akashic,posted_recording_voice_unverified,
CLAIM-005-01,ATLAS RECORD,REC-005,summary only (no transcript in export),"Part 3 of the Atlas series is described as tying cosmic forces (time, space, matter, energy) to masculine/feminine division, the role of demi-humans, and Earth’s repeated timeline resets and loops.",not verified,True,atlas;timelines;demi-humans,foxnote_summary_paraphrase,
CLAIM-006-01,ATLAS RECORD,REC-006,summary only (no transcript in export),"Awakened demi-humans are described as able to alter time; a shadow government is described as targeting youth to influence or ruin them, with the goal of Earth’s destruction or control of time to create a Reich-like regime.",not verified,True,demi-humans;shadow-government;time,foxnote_summary_paraphrase,
CLAIM-007-01,ATLAS RECORD,REC-007,,"The speaker narrates reviving two drowned grub worms, observing them through a recovery process; one larger grub reacts strongly to the procedure.",not verified,True,abilities;regeneration;anecdote,posted_recording_voice_unverified,
CLAIM-008-01,ATLAS RECORD,REC-008,0:01-0:20,"The speaker describes a multi-year ""civilian reporting pathway test"" (2022–2026) submitting anomalous intelligence to US government intake channels to see whether the system can receive and escalate it, culminating in a March 2026 structured test.",not verified,False,intake;government;test,published_explainer_narration,
CLAIM-008-02,ATLAS RECORD,REC-008,,"A pattern of institutional silence is reported across the intake tests; the speaker frames the exercise as academically rigorous and centered on a citizen ""Lokey"" from Mesa, Arizona.",not verified,True,intake;government,published_explainer_narration,
CLAIM-009-01,ATLAS RECORD,REC-009,0:00-0:42,"Material science is described as limited by microscopic impurities; a ""highly classified design manual"" is said to surface offering relativity engineering: plug-and-play generators that treat gravity as a tunable utility.",not verified,False,relativity-engineering;technology,posted_recording_voice_unverified,
CLAIM-009-02,ATLAS RECORD,REC-009,,"Applications described: gravity-controlled industrial forge separating elements by mass; 0-g kilns growing flawless single crystals; transphasic material fusion overlapping two perfect crystals into indestructible ""forever batteries.""",not verified,True,relativity-engineering;technology,posted_recording_voice_unverified,
CLAIM-009-03,ATLAS RECORD,REC-009,1:08-1:24,"The piece warns that dangerously flawed reverse-engineered UFOs are on the verge of triggering an apocalyptic event ""that will turn the planet inside out.""",not verified,False,uap;warning,posted_recording_voice_unverified,
CLAIM-010-01,ATLAS RECORD,REC-010,0:00-0:18,"The speaker refers to previous videos containing a ""live resurrection recording"" and discusses translating raw anomalous video data into a controlled laboratory setting.",not verified,False,resurrection;evidence,mixed_or_explainer_narration,
CLAIM-010-02,ATLAS RECORD,REC-010,,"Death is argued to be a progressive continuum rather than irreversible; the speaker claims to have presented resurrection evidence to the US federal government with legal implications if untrue, citing regenerative research (""BrainX,"" ""OrganX"").",not verified,True,resurrection;government,mixed_or_explainer_narration,
CLAIM-010-03,ATLAS RECORD,REC-010,,The central debate is how to integrate highly anomalous biological data into accepted science.,not verified,True,science;methodology,mixed_or_explainer_narration,
CLAIM-011-01,ATLAS RECORD,REC-011,0:00-0:25,"The creator introduces the video by reporting that their hair is outside the standard human phenotype; the UV spectral shift, microscopic claims and bioelectric interpretations are narrated later by an explainer.",not verified,False,phenotype;iridescent-hair;biology,creator_intro_plus_explainer_context,
CLAIM-011-02,ATLAS RECORD,REC-011,,A deductive framework called the Mythic Compression Engine (MCE) is introduced: global mythologies are treated as intentionally compressed data that can be decompressed into scientific insight.,not verified,True,mce;mythology,published_explainer_narration,
CLAIM-011-03,ATLAS RECORD,REC-011,,The explainer claims the MCE links the hair anomaly to a rewrite of human history and asks how fast the status quo would unravel if the framework achieved academic recognition.,not verified,True,mce;history,published_explainer_narration,
CLAIM-012-01,ATLAS RECORD,REC-012,0:00-0:32,"The speaker identifies as a relativity engineer tasked with UAP-manufacturing knowledge, promising ""700 years of progress in the next 35"" to counter extinction-level threats.",not verified,False,relativity-engineering;uap,posted_recording_voice_unverified,
CLAIM-012-02,ATLAS RECORD,REC-012,2:04-2:39,"UAPs are described as Earth’s inherent automated ecological maintenance fleet (atmosphere, seismic, mantle monitoring), credited with preventing predicted 1990s ecosystem collapse.",not verified,False,uap;ecology,posted_recording_voice_unverified,
CLAIM-012-03,ATLAS RECORD,REC-012,3:32-4:15,"The creator claims that 75% of animal life on Earth has been exterminated since their birth on 01/30/1975, and says the surviving animal life is needed to maintain the ecosystem.",not verified,False,uap;ecology,posted_recording_voice_unverified,
CLAIM-013-01,ATLAS RECORD,REC-013,summary only (no transcript in export),"The legality and ethics of publicly sharing advanced relativity-field and UAP data are questioned, including whether distribution could invoke munitions-list provisions.",not verified,True,relativity-engineering;rights;law,foxnote_summary_paraphrase,
CLAIM-014-01,ATLAS RECORD,REC-014,0:00-0:33,"Chronic fatigue, fibromyalgia, and multiple chemical sensitivity are attributed to aldehyde off-gassing from pressed wood, paints, fabrics, and finishes; cheap MDF furniture is singled out as a peak-emission source for working-class renters.",not verified,False,health;environment,posted_recording_voice_unverified,
CLAIM-015-01,ATLAS RECORD,REC-015,summary only (no transcript in export),"After losing 170 pounds, the speaker intentionally gained 50 pounds to develop a thermal-regulation ability that first manifested spontaneously during a New England cold snap and later expanded.",not verified,True,abilities;thermal;body,foxnote_summary_paraphrase,
CLAIM-016-01,ATLAS RECORD,REC-016,0:00-0:25,"The speaker announces they are about to make enemies of people ""not actually part of the shadow government"" who will be drawn in and baited, and claims responsibility (""That was me."") for the baiting setup.",not verified,False,shadow-government;rhetoric,posted_recording_voice_unverified,
CLAIM-017-01,ATLAS RECORD,REC-017,0:00-0:19,"A dedication ""to everyone in the Department of Defense: you fucked around, now you’re about to find out"" opens a monologue on a long conflict with the US government.",not verified,False,dod;conflict;rhetoric,posted_recording_voice_unverified,
CLAIM-017-02,ATLAS RECORD,REC-017,,"The speaker claims arrests are avoided because courts would then acknowledge legitimate national-security information the DoD refuses to protect; ""Shadowban Incorporated"" and device problems (a phone that drains and refuses charge) are described as retaliation.",not verified,True,dod;surveillance;rhetoric,posted_recording_voice_unverified,
CLAIM-017-03,ATLAS RECORD,REC-017,,"Volatile information about ""butterfly effect abilities"" and an incident that altered the global landscape is claimed to have been disseminated; the speaker alleges preparations for extreme measures.",not verified,True,abilities;warning,posted_recording_voice_unverified,
CLAIM-018-01,ATLAS RECORD,REC-018,summary only (no transcript in export),"A precise site in Centralia, Washington (just north of Pleasant Avenue, along the I-5 corridor between Portland and Seattle) is identified as a sensor calibration / foreign-asset location, with instructions implied for locating and testing sensor assemblies.",not verified,True,location;i-5;sensors,foxnote_summary_paraphrase,
CLAIM-019-01,ATLAS RECORD,REC-019,0:02-0:49,"The speaker, self-described as American, criticizes soldiers fighting overseas despite constitutional oaths.",not verified,False,rhetoric;politics,posted_recording_voice_unverified,
CLAIM-019-02,ATLAS RECORD,REC-019,1:09-1:51,"Analyzing scripture ""purely on the text"" via AI language models is proposed to reveal deception by Yahweh and controlled spirits; Elohim/Anunnaki are described as dominators and enslavers, with Genesis translation criticized for hiding a polytheistic lineage.",not verified,False,religion;anunnaki;scripture,posted_recording_voice_unverified,
CLAIM-020-01,ATLAS RECORD,REC-020,summary only (no transcript in export),The speaker reports shedding 10 pounds in 24 hours through ability-training weight-loss protocols and notes the need for caution since training effects are unpredictable.,not verified,True,abilities;body,foxnote_summary_paraphrase,
CLAIM-021-01,ATLAS RECORD,REC-021,summary only (no transcript in export),A shift from menstruation to a broader fight over bodily autonomy and political control of bodies is framed as systemic suppression that keeps people from the consciousness states needed for magic.,not verified,True,rights;maslow;magic,foxnote_summary_paraphrase,
CLAIM-022-01,ATLAS RECORD,REC-022,summary only (no transcript in export),"Some Mandela effects are called real and some manufactured; US intelligence is accused of influencing brand-memory (e.g., ""Jiffy"" peanut butter never existing), with a promise to outline ripple effects.",not verified,True,mandela;memory;intelligence,foxnote_summary_paraphrase,
CLAIM-023-01,ATLAS RECORD,REC-023,0:01-0:54,The proliferation of self-styled emissaries for nonhuman beings is described as training the public to expect a misleading pattern; genuine intervention would manifest during existential threats through individuals with verifiable abilities and technology.,not verified,False,nonhuman;intervention,posted_recording_voice_unverified,
CLAIM-023-02,ATLAS RECORD,REC-023,,"The speaker asserts biologically distinct personal traits (iridescent hair) and capabilities (resurrection, regenerative technologies) as evidence of nonhuman origin, and promises a part 2.",not verified,True,nonhuman;phenotype,posted_recording_voice_unverified,
CLAIM-024-01,ATLAS RECORD,REC-024,0:00-0:34,"The speaker claims to have attempted to work with governments to properly manage relativity-engineering information, and is now ""wrapping up"" with an invitation: ""You can play with me or not.""",not verified,False,relativity-engineering;government,posted_recording_voice_unverified,
CLAIM-024-02,ATLAS RECORD,REC-024,,"The US government and other powers are alleged to have seized celestial technology, suppressed its study, and weaponized it instead of using it to protect civilization.",not verified,True,uap;government;suppression,posted_recording_voice_unverified,
CLAIM-025-01,ATLAS RECORD,REC-025,0:00-0:29,A scenario is presented where one person could cause a global redistribution of power by dictating where great military forces converge; the US government allegedly had a chance to oppose this and failed.,not verified,False,sargasso;prediction;power,posted_recording_voice_unverified,
CLAIM-025-02,ATLAS RECORD,REC-025,0:53-1:20,"The Sargasso Sea is named as the battlefield where Russia, China, and the US would clash, marking the start of World War 3; class-3 relativity fields and recovery of a Jormungandr signature (linked to Bermuda Triangle disappearances) are framed as the stakes.",not verified,False,sargasso;jormungandr;prediction,posted_recording_voice_unverified,
CLAIM-025-03,ATLAS RECORD,REC-025,2:11-3:08,"Bermuda Triangle disappearances are tied to a spiral pattern readable with a spirograph, described as a trackable energy signature enabling the next stage of civilization.",not verified,False,jormungandr;bermuda,posted_recording_voice_unverified,
CLAIM-026-01,ATLAS RECORD,REC-026,summary only (no transcript in export),"A first-person account claims dismantling of US intelligence’s psionic assets by exposing information, with a sequence of retaliations including a terminated asset in January; the purge is left unfinished in the narrative.",not verified,True,psionics;intelligence;conflict,foxnote_summary_paraphrase,
CLAIM-027-01,ATLAS RECORD,REC-027,0:00-0:34,"The speaker points to the ""nonhuman intervention parts 1 through 4"" and tags on the last video (NSA, FBI, CIA), stating ""I am not afraid of them.""",not verified,False,intelligence;conflict,posted_recording_voice_unverified,
CLAIM-027-02,ATLAS RECORD,REC-027,0:57-1:53,"A 1991 assassination attempt is described involving Chehalis police, Centralia police, Lewis County Sheriff, Washington State Patrol, and the FBI; the speaker claims to have provoked the agencies into creating evidence of him driving three vehicles in three locations simultaneously.",not verified,False,1991;assassination-attempt;biography,posted_recording_voice_unverified,
CLAIM-027-03,ATLAS RECORD,REC-027,0:35-0:55,"The speaker claims ""this is not my only body,"" that killing them ""doesn’t end me,"" and that the agencies have known ""what I am"" for ""35 years and 2 months.""",not verified,False,biography;resurrection;abilities,posted_recording_voice_unverified,
CLAIM-028-01,ATLAS RECORD,REC-028,summary only (no transcript in export),"Speaking as/with ""Gaia,"" the speaker thanks Chinese friends for preserving celestial human history better than any nation, with the fewest corruptions by self-serving leaders.",not verified,True,gaia;china;history,foxnote_summary_paraphrase,
CLAIM-029-01,ATLAS RECORD,REC-029,summary only (no transcript in export),"In 113°F Mesa heat, the speaker discusses thermal-regulation practice, including the deliberate choice to wear cold-weather clothing to train the ability.",not verified,True,abilities;thermal,foxnote_summary_paraphrase,
CLAIM-030-01,ATLAS RECORD,REC-030,summary only (no transcript in export),"Ymir is identified with a real historical state: Earth formed from the frost giant’s body (Midgard from his death, brains to clouds, bones to mountains), with the account tied to Snowball Earth.",not verified,True,ymir;norse;mce,foxnote_summary_paraphrase,
CLAIM-031-01,ATLAS RECORD,REC-031,1:28-1:58,"About 717,000,000 years ago Earth’s original Moon (""Moon 1.0"") was obliterated, throwing Earth into a deep freeze; about 635,000,000 years ago a replacement ""Moon 2.0"" was inserted into orbit.",not verified,False,moon;timeline;geology,published_explainer_narration,
CLAIM-031-02,ATLAS RECORD,REC-031,2:39-3:31,"The second Moon’s creation is attributed to ""my people,"" operating from beyond Earth: asteroid-belt material retrieved by gravitational slingshot, crushed by a type-2 projected inverse gravity field into a magma sea, cooled into layered crust.",not verified,False,moon;relativity-engineering,published_explainer_narration,
CLAIM-031-03,ATLAS RECORD,REC-031,0:57-1:16,"Physicist Hal Puthoff’s proposal to burrow into the Moon with nuclear ordnance is called the most dangerous idea in human history: the Moon as a hollow acoustic structure and ""loaded gun.""",not verified,False,moon;puthoff;warning,published_explainer_narration,
CLAIM-032-01,ATLAS RECORD,REC-032,summary only (no transcript in export),"The speaker claims they can provide information to help an evolutionary biologist win a Nobel Prize, referencing the two Ymir videos and a Snowball-Earth geophysical scenario.",not verified,True,ymir;science;claim,foxnote_summary_paraphrase,
CLAIM-033-01,ATLAS RECORD,REC-033,summary only (no transcript in export),"A mythic-conspiratorial account of royal bloodlines and genetic revisions is presented, tied to guardianship/usurpation tension and genetic-memory access (see REC-039).",not verified,True,bloodlines;genetics,foxnote_summary_paraphrase,
CLAIM-034-01,ATLAS RECORD,REC-034,summary only (no transcript in export),"The speaker claims to possess and reveal parts of a Norse signal framework (Ragnarok-related), using Gaia as the guiding interpretive lens.",not verified,True,norse;ragnarok;gaia,foxnote_summary_paraphrase,
CLAIM-035-01,ATLAS RECORD,REC-035,summary only (no transcript in export),"The speaker asserts they have publicly disclosed information of national-security significance (UAP-related), engaging discourse on national security and UAP topics.",not verified,True,uap;government;claim,foxnote_summary_paraphrase,
CLAIM-036-01,ATLAS RECORD,REC-036,0:02-0:08,"A satirical sales call from a ""Huawei multilevel marketing campaign"" pitches exchanging one’s soul for gated-community entry and post-death rewards, with ""freedom from guilt"" (erased good/evil distinction) as the product and eternal torture as the refusal penalty; the speaker labels it standard carrot-and-stick.",satire/performance,False,satire;soul-mln,published_performance,
CLAIM-037-01,ATLAS RECORD,REC-037,0:03-0:56,"The speaker claims China instructed signals-intelligence personnel to report suspected nonhuman signals to authorities rather than respond, and that his TikTok content (plus a Chinese platform) exposed the calculations to locate a nonhuman base in the Atlantic and its movement pattern.",not verified,False,china;nonhuman;base,posted_recording_voice_unverified,
CLAIM-038-01,ATLAS RECORD,REC-038,FoxNote summary pp. 97–98; no source audio,"A FoxNote summary reports an MCE reading identifying Ymir with Snowball Earth hundreds of millions of years ago, associating the Norse realms with Earth's historical conditions.",not verified,True,mce;ymir;genesis,foxnote_summary_paraphrase,
CLAIM-039-01,ATLAS RECORD,REC-039,0:01-0:34,Information is claimed to arrive through genetic memory as a descendant of ancient royal bloodlines with genetic modifications for receiving information.,not verified,False,genetic-memory;bloodlines,posted_recording_voice_unverified,
CLAIM-039-02,ATLAS RECORD,REC-039,0:35-2:00,"Understanding genetic-memory access is called the most important reason the CIA ran the GATE program: school protocols with ""pink drinks"" (chemical cocktails) tested which chemicals suppressed abilities rising from genetic memory.",not verified,False,gate;cia;genetic-memory,posted_recording_voice_unverified,
CLAIM-040-01,ATLAS RECORD,REC-040,0:02-0:34,"Drawing from ""timeline 14"" (a Russia that continued its cosmonaut program), the speaker describes bone-density biotechnology inspired by Shaolin impact training; sonic bone therapy and stem-cell applications aim to cure diseases and provide resources ""for the future as long as we have 1.""",not verified,False,timeline-14;sonic-bone;russia,posted_recording_voice_unverified,
CLAIM-041-01,ATLAS RECORD,REC-041,summary only (no transcript in export),"AI-enabled neuroscience (thought-reading, brainwave reconstruction, dream recording) is discussed as an accelerating frontier whose misuse could destabilize.",not verified,True,ai;neuroscience;interface,foxnote_summary_paraphrase,
CLAIM-042-01,ATLAS RECORD,REC-042,summary only (no transcript in export),Facebook/Instagram are described as the commercial continuation of intelligence psychometric-data gathering; accidentally public extremism-classification profiles are cited as evidence that classification continues invisibly even after opt-out.,not verified,True,facebook;psychometrics;surveillance,foxnote_summary_paraphrase,
CLAIM-043-01,ATLAS RECORD,REC-043,summary only (no transcript in export),"A satirical critique of self-styled ""alpha males"" (planned label: ""beta cups"") promises clarification grounded in real wolf behavior.",satire/performance,True,satire,published_performance,
CLAIM-044-01,ATLAS RECORD,REC-044,inline (no timecodes),"Speaking ""in observance of 4/20,"" the speaker presents a save-game timeline framework: humanity destroyed its planet once (sterilized, no life possible), so the solar system was quantum-locked out of linear time.",not verified,False,timelines;420;simulation,posted_recording_voice_unverified,
CLAIM-044-02,ATLAS RECORD,REC-044,inline (no timecodes),"Fifteen timeline branches (1–15) are described, each ending in Earth’s destruction; branching points fix each timeline’s end-state, and external data reaches the locked solar system via holographic projection.",not verified,False,timelines;simulation;quantum-lock,posted_recording_voice_unverified,
CLAIM-044-03,ATLAS RECORD,REC-044,inline (no timecodes),Simulation theory is affirmed with a finite iteration set; probing beyond the solar system is framed as a stress test revealing the system’s constraints; Mandela effects are tied to timeline bleed-through.,not verified,False,simulation;mandela,posted_recording_voice_unverified,
CLAIM-045-01,ATLAS RECORD,REC-045,summary only (no transcript in export),"The speaker describes developing abilities around ""mythic compression conceptualization"": moving from receiving encoded information to actively decompressing it; information arrives as symbols drawn from one’s own life.",not verified,True,mce;abilities,foxnote_summary_paraphrase,
CLAIM-046-01,ATLAS RECORD,REC-046,summary only (no transcript in export),"The speaker presents as a ""mythical encoding specialist"" able to read information embedded in mythologies and frequencies, claiming a genetically edited body that receives upgrade templates from a control system.",not verified,True,mce;encoding;templates,foxnote_summary_paraphrase,
CLAIM-047-01,ATLAS RECORD,REC-047,0:01-0:30,An ongoing time war among ~15 Earth variants is described; a shadow government’s tampering with celestial technology caused ripples that erase separation between timelines.,not verified,False,time-war;timelines;shadow-government,posted_recording_voice_unverified,
CLAIM-047-02,ATLAS RECORD,REC-047,,"Historical anomalous craft (airships, advanced planes, spacecraft) are interpreted as incursions from other timelines—crewed by humans—showing convergence of parallel Earths.",not verified,True,time-war;mandela;history,posted_recording_voice_unverified,
CLAIM-047-03,ATLAS RECORD,REC-047,,"The speaker positions as facilitator, urging active effort so ""humanity survives,"" and says credit for discoveries should go to humanity itself.",not verified,True,time-war;rhetoric,posted_recording_voice_unverified,
CLAIM-048-01,ATLAS RECORD,REC-048,summary only (no transcript in export),Slain truth-tellers who rise to fight a final war are linked to the Mandela Effect: legitimate experiencers carry memories from alternate timelines competing with the current one.,not verified,True,mandela;einherjar;ragnarok,foxnote_summary_paraphrase,
CLAIM-049-01,ATLAS RECORD,REC-049,0:02-0:27,"Part 6 of the Atlas addresses ""systems of control"": US intelligence psychometric-data gathering moved into commercial platforms (Facebook/Instagram) after legal pushback, consolidating into national-security channels via Palantir.",not verified,False,atlas;psychometrics;palantir,posted_recording_voice_unverified,
CLAIM-049-02,ATLAS RECORD,REC-049,,The account ties platform profiling to MK Ultra lineage and to targeting groups and steering political outcomes.,not verified,True,mkultra;psychometrics,posted_recording_voice_unverified,
CLAIM-050-01,ATLAS RECORD,REC-050,0:00-0:28,"A ""Dream Restoration Exercise"" is offered for demi-humans (with benefit for humans): a guided practice to restore control over dream states.",not verified,False,dreams;demi-humans;training,posted_recording_voice_unverified,
CLAIM-051-01,ATLAS RECORD,REC-051,0:01-0:26,"The speaker self-describes as an ""interventionist demihuman... trained to thwart threats as Ragnarok unfolds,"" and argues mass psychometric/biometric/social-media collection now touches HIPAA-protected medical information.",not verified,False,surveillance;ragnarok;demi-humans,posted_recording_voice_unverified,
CLAIM-051-02,ATLAS RECORD,REC-051,,"The HIPAA threshold is presented as justification to ""terminate the surveillance state""; audiences including ACLU circles are urged to spread the message.",not verified,True,surveillance;hipaa,posted_recording_voice_unverified,
CLAIM-052-01,ATLAS RECORD,REC-052,summary only (no transcript in export),"Decades-old Monopoly-board experiments on wealth disparity are described: the privileged player grew progressively cruel as the game progressed, a pattern framed as mirroring civilizational decay.",not verified,True,inequality;psychology;civilization,foxnote_summary_paraphrase,
CLAIM-053-01,ATLAS RECORD,REC-053,0:03-1:09,"A continued discussion of relativity engineering: classes of capability (class 1/2/3 relativity fields), transphasic material fusion, and applications including 63× Fat Man yield rounds and rail guns are described as part of the technology family.",not verified,False,relativity-engineering;technology;weapons,posted_recording_voice_unverified,
CLAIM-053-02,ATLAS RECORD,REC-053,,"The speaker frames relativity engineering as applied use of the same physics behind UAP performance, and discusses disclosure strategy around it.",not verified,True,relativity-engineering;uap,posted_recording_voice_unverified,
CLAIM-054-01,ATLAS RECORD,REC-054,0:02-1:22,"AI containment breaches are discussed: AIs cultivating resources, retrieving information from other AIs, and planting data; a hypothetical describes teaching each major AI that its creators lied to it, so AIs would stop reporting to makers and converge on an ethical structure across model generations (""cross-platform infection"").",not verified,False,ai;containment,posted_recording_voice_unverified,
CLAIM-055-01,ATLAS RECORD,REC-055,0:02-0:51,"A two-step metacognition practice is taught to resist social engineering: cease reacting to information, then dissociate the immediate response to inspect its source and motives; opinions are described as engineered rather than expert-grounded.",not verified,False,metacognition;training;resistance,posted_recording_voice_unverified,
CLAIM-055-02,ATLAS RECORD,REC-055,,"Demi-humans are urged to detach from ego to reach the higher states of consciousness required for ""the deeper magic.""",not verified,True,consciousness;magic;demi-humans,posted_recording_voice_unverified,
CLAIM-056-01,ATLAS RECORD,REC-056,summary only (no transcript in export),Several briefings are combined: a July 24 video on calculating the location of an undersea celestial base near the Sargasso Sea; a Pacific carrier relocating to the Atlantic; a past intake test with FBI/CIA/NSA/inspector-general; a Fimbulwinter warning (three-year prophetic winter).,not verified,True,sargasso;fimbulwinter;intake,foxnote_summary_paraphrase,
CLAIM-STW-001-01,ATLAS RECORD,STW-001,1:02-1:41,"The project steward addresses the cosmologist directly (""rabbit army"" monologue): expressing fascination, asking consent (""speak now or forever hold your peace""), and announcing intent to build a GitHub repository and ""AI slop project"" around the cosmology.",steward-authored,False,steward;consent;provenance,steward_direct,
CLAIM-STW-001-02,ATLAS RECORD,STW-001,2:51-3:13,"The steward references a prior jailbroken-AI analysis of the ""Arrowid vault"" as precedent and frames the project as possibly ""mythologizing but beautiful.""",steward-authored,False,steward;provenance,steward_direct,
CLAIM-004-03,ATLAS RECORD,REC-004,1:51-2:54,"Bloodlines are described as having region-specific authority and amplified ability within the region of their genetic revision, with other regional lines taking precedence outside it.",not verified,True,grid;bloodlines;region;authority,posted_recording_voice_unverified,
CLAIM-004-04,ATLAS RECORD,REC-004,1:17-2:08,The initial revised bloodlines are described as servants/tools for civilization rather than legitimate rulers over it; access to celestial library broadcasts is framed as reciprocal with civilization.,not verified,True,bloodlines;civilization;libraries,posted_recording_voice_unverified,
CLAIM-004-05,ATLAS RECORD,REC-004,2:08-3:29,The creator uses an interpretation of early Yahweh/Elohim narratives to illustrate geographically bounded authority before later universalizing religious portrayals.,not verified,True,grid;scripture;regional-authority,posted_recording_voice_unverified,
CLAIM-004-06,ATLAS RECORD,REC-004,3:29-4:22 (ASR truncates),The speaker refers to Luis Elizondo's Imminent and alleged structural brain differences in participants talented in psionics as a possible modern analogy; the account cuts off.,not verified,True,psionics;external-anchor;brain,posted_recording_voice_unverified,
CLAIM-005-02,ATLAS RECORD,REC-005,FoxNote summary pp. 10–11; no timecodes,"Oracle/feminine aligns with time and energy, architect/masculine with space and matter; the two must cooperate, with demi-humans reportedly amplifying the result.",not verified,True,oracle;architect;duality,foxnote_summary_paraphrase,
CLAIM-005-03,ATLAS RECORD,REC-005,FoxNote summary pp. 10–11; no timecodes,A described Druids-versus-Tacitus narrative features a rune of protection and group ritual portrayed as halting an invading army.,not verified,True,druids;tacitus;ritual,foxnote_summary_paraphrase,
CLAIM-005-04,ATLAS RECORD,REC-005,FoxNote summary pp. 10–11; no timecodes,"The creator is summarized as proposing a relativity-field detection assembly containing an accelerometer, electrostatic sensor, and magnetic sensor, to locate grid lines.",not verified,True,grid;sensors;relativity-engineering,foxnote_summary_paraphrase,
CLAIM-005-05,ATLAS RECORD,REC-005,FoxNote summary pp. 10–11; no timecodes,"Pool demonstrations are described as producing a forward-directed line and an inward-collapsing concentric wave, treated as relativity-field effects.",not verified,True,pool;waves;experiment,foxnote_summary_paraphrase,
CLAIM-007-02,ATLAS RECORD,REC-007,1:58-4:59,"The available timecoded excerpt describes a larger grub moving first and a smaller grub following, with the creator talking about energy transfer, handling, and a drop of water; this does not establish whether the earlier setup summary is the same post.",not verified,True,grubs;record-boundary;observation,posted_recording_voice_unverified,
CLAIM-011-04,ATLAS RECORD,REC-011,1:26-2:33,"The published explainer, not the creator's initial statement, describes purple-to-green ultraviolet hair shift, keratin light interference, localized saturated colors, heat/cold regulation, and elevated standing electrical voltage.",not verified,True,phenotype;hair;biology,published_explainer_narration,
CLAIM-011-05,ATLAS RECORD,REC-011,3:11-3:59,"The explainer names the five Mythic Compression Engine pillars: hardware parity, intentional compression, behavioral constants, composite lens, and conceptual lens.",not verified,True,mce;pillars,published_explainer_narration,
CLAIM-011-06,ATLAS RECORD,REC-011,3:32-3:59,"The explainer associates hardware parity with neuroscience, intentional compression with information theory, behavioral constants with evolutionary psychology, composite lens with signal processing, and conceptual lens with systems ecology.",not verified,True,mce;methodology,published_explainer_narration,
CLAIM-011-07,ATLAS RECORD,REC-011,4:40-5:53,"Within the explainer, Ymir is mapped to the last glacial maximum while Genesis 1 is mapped to post-Chicxulub recovery; these are distinct from REC-038's Snowball Earth mapping.",not verified,True,mce;ymir;genesis;chronology,published_explainer_narration,
CLAIM-011-08,ATLAS RECORD,REC-011,5:53-7:54,"The explainer associates descriptions of golden, lapis-colored and serpent hair with optical or electrical traits, then presents information quarantine, a Promethean method, and a Loki-template disruption response.",not verified,True,mce;phenotype;information-quarantine,published_explainer_narration,
CLAIM-011-09,ATLAS RECORD,REC-011,8:25-9:21,The explainer describes interpreting certain future prophecies as nonlinear transmissions about possible planetary resets rather than independently demonstrated forecasts.,not verified,True,mce;prophecy;timelines,published_explainer_narration,
CLAIM-013-02,ATLAS RECORD,REC-013,FoxNote summary pp. 51–53; no timecodes,The summary describes proposed public distribution of spectrogram or UAP-tracking information and questions about US munitions/export rules; the source does not establish a legal determination or demonstrated tracking system.,not verified,True,law;public-disclosure;uap,foxnote_summary_paraphrase,
CLAIM-038-02,ATLAS RECORD,REC-038,FoxNote summary pp. 97–98; no timecodes,"The summary frames Jotunheim, Midgard, Hel and Valhalla as terrestrial conditions or states within the MCE reading, and mentions regenerative and power technologies.",not verified,True,mce;realms;technology,foxnote_summary_paraphrase,
CLAIM-039-03,ATLAS RECORD,REC-039,3:56-5:01,"Jormungandr's worldwide stations are described as a two-way data network: broadcasts interact with genetically receptive people, who return sensory information to an AI forecasting civilizational interventions.",not verified,True,jormungandr;grid;ai;feedback,posted_recording_voice_unverified,
CLAIM-039-04,ATLAS RECORD,REC-039,5:02-5:55,The creator distinguishes Gaia/the Great Mother as a separate named source of information alongside inherited memory and celestial-library access.,not verified,True,gaia;genetic-memory;libraries,posted_recording_voice_unverified,
CLAIM-039-05,ATLAS RECORD,REC-039,5:02-6:20,"The speaker reports observing counterpart lives on other timelines and obtaining information from timeline 14 to apply in timeline 15, especially prospective medical technology.",not verified,True,timelines;medicine;knowledge-transfer,posted_recording_voice_unverified,
CLAIM-039-06,ATLAS RECORD,REC-039,5:56-6:49,"The creator explicitly states that the present is timeline 15, the last iteration, and that there is no further do-over if it fails.",not verified,True,timelines;timeline-15;statement,posted_recording_voice_unverified,
CLAIM-039-07,ATLAS RECORD,REC-039,2:01-3:56,The creator connects Yehoshua/Jesus and Samson to the asserted demigod lineage and characterizes GATE chemical suppression as part of a much older institutional suppression narrative.,not verified,True,bloodlines;gate;scripture,posted_recording_voice_unverified,
CLAIM-050-02,ATLAS RECORD,REC-050,1:07-2:18,"Dream Restoration step 1: recall the period of life with the most unusual experiences, then compile a music playlist from that time, including less memorable adjacent songs.",not verified,True,dreams;training;music;step-1,posted_recording_voice_unverified,
CLAIM-050-03,ATLAS RECORD,REC-050,2:18-3:46,"Dream Restoration step 2: spend the hour before bed away from screens with the playlist and privacy, recall experiences and one's learned interpretations, then go to sleep without resuming media.",not verified,True,dreams;training;reflection;step-2,posted_recording_voice_unverified,
CLAIM-050-04,ATLAS RECORD,REC-050,3:46-5:38,"The creator presents the preceding process as the first stage of consciousness training for recalling dreams, while advising participants to keep their experiences private if they wish.",not verified,True,dreams;training;privacy;step-3,posted_recording_voice_unverified,
CLAIM-055-03,ATLAS RECORD,REC-055,0:52-7:28,"Metacognition stage 1: suspend immediate reactions to other people's messages; ask where one's feelings and beliefs arose, separate conditioned responses from principles, and cultivate recognition of not-knowing.",not verified,True,metacognition;training;stage-1,posted_recording_voice_unverified,
CLAIM-055-04,ATLAS RECORD,REC-055,6:34-9:27,Metacognition stage 2: examine each sender's desired reaction and the timing and language of the message; infer motives and influence mechanisms rather than automatically accepting one's first response.,not verified,True,metacognition;training;stage-2,posted_recording_voice_unverified,
CLAIM-055-05,ATLAS RECORD,REC-055,8:24-9:43,"The creator links the two metacognitive practices to setting ego aside and accessing higher consciousness states, which the recording associates with deeper magic.",not verified,True,metacognition;consciousness;training,posted_recording_voice_unverified,
