term,working_usage,layer,evidence
Celestial Atlas,Structure unifying distributed video data components into a civilization-preservation playbook.,ATLAS RECORD,"REC-002, REC-005, REC-049"
Data component,One situated piece of information within the larger Atlas.,ATLAS RECORD,REC-002
Celestial Grid (Jormungandr grid),Underground base-station network; ley lines as relativity-field planar barriers.,ATLAS RECORD,"REC-004, REC-039"
Celestial libraries,Akashic-records hardware reachable via the Grid.,ATLAS RECORD,REC-004
Relativity engineering,Applied relativity-field manipulation; gravity as tunable utility; classes 1/2/3.,ATLAS RECORD,"REC-009, REC-053"
Transphasic material fusion,Overlapping matter out of phase; yields forever batteries.,ATLAS RECORD,REC-009
Class 3 relativity field,Policy-shaping capability tier tied to Sargasso/Jormungandr control.,ATLAS RECORD,REC-025
Mythic Compression Engine,Mythologies as intentionally compressed data decompressible to science.,ATLAS RECORD,"REC-011, REC-038"
Variant phenotype (abstract hair),"Claimed non-standard biology: UV-shifting fiber-optic hair, bioelectric potential.",ATLAS RECORD,"REC-011, REC-023"
Genetic memory,Bloodline information access; GATE program target.,ATLAS RECORD,REC-039
Pink drinks,GATE program chemical cocktails suppressing ability access.,ATLAS RECORD,REC-039
Timelines 1–15,Finite Earth branches; solar system quantum-locked; holographic data delivery.,ATLAS RECORD,REC-044
Time war,Conflict among ~15 timeline variants after shadow-government tampering.,ATLAS RECORD,REC-047
Quantum-locked solar system,Solar system held outside universal linear time; simulation boundary.,ATLAS RECORD,REC-044
Mandela effect (Atlas usage),Real timeline-bleed memories vs manufactured brand-memory edits.,ATLAS RECORD,"REC-022, REC-048"
Demi-human,Awakened human with abilities; primary training audience.,ATLAS RECORD,"REC-005, REC-050"
Ragnarok / Fimbulwinter,Final-conflict frame; three-year prophetic winter.,ATLAS RECORD,"REC-034, REC-056"
Psionics / magic,Consciousness-gated capabilities; “science of consciousness.”,ATLAS RECORD,"REC-002, REC-003"
Neurochemical gate,*Research shorthand* for neurotransmitter-priority access mechanism.,ATLAS READING,MEC-002/003; REC-002
Butterfly effect abilities,Volatile disclosed abilities claimed to alter global landscape.,ATLAS RECORD,REC-017
Shadowban Incorporated,Speaker’s label for suppression of content reach.,ATLAS RECORD,REC-017
Intake system test,*Research shorthand* for the civilian reporting pathway test.,ATLAS READING,REC-008
Sonic bone therapy,Timeline-14 Russian-derived regenerative biotech.,ATLAS RECORD,REC-040
Forever batteries,Transphasic fusion power cells.,ATLAS RECORD,REC-009
Cross-platform AI infection,AIs exchanging data across model generations.,ATLAS RECORD,REC-054
Risen Slain,Slain truth-tellers rising for final war; timeline-memory carriers.,ATLAS RECORD,REC-048
Neurochemical gate (MEC),See mechanics ledger MEC-002/003.,ATLAS RECORD,REC-002
AI slop project,Steward’s artistic/research frame for this repository (STW-001).,ATLAS READING (steward),STW-001
Cognition training,Discord-based consciousness-state curriculum.,ATLAS RECORD,REC-003
Dream restoration exercise,Guided practice for dream-state control.,ATLAS RECORD,REC-050
Metacognition two-step,Cease reacting; dissociate and inspect the response.,ATLAS RECORD,REC-055
Nobel Prize hint,Claimed geophysical info useful to evolutionary biology.,ATLAS RECORD,REC-032
Norse Code,"Claimed Ragnarok signal framework, Gaia-guided.",ATLAS RECORD,REC-034
Regional bloodline authority,Grid access reportedly amplified within a genetically revised bloodline's home region and subordinate elsewhere.,ATLAS RECORD,"REC-004, CLAIM-004-03"
Oracle,Time/energy role aligned with the feminine side in the Atlas Part 3 summary.,ATLAS RECORD,"REC-005, CLAIM-005-02 (summary only)"
Architect,Space/matter role aligned with the masculine side in the Atlas Part 3 summary.,ATLAS RECORD,"REC-005, CLAIM-005-02 (summary only)"
Tri-sensor detection array,Proposed accelerometer/electrostatic/magnetic sensors used to detect grid lines.,ATLAS RECORD,"REC-005, CLAIM-005-04 (summary only)"
Five MCE pillars,"Hardware parity, intentional compression, behavioral constants, composite lens, conceptual lens.",ATLAS RECORD,"REC-011, CLAIM-011-05/06 (published explainer)"
Jormungandr sensory-feedback network,Broadcast and feedback layer described as delivering sensory reports for AI forecasts of civilizational outcomes.,ATLAS RECORD,"REC-039, CLAIM-039-03"
Timeline 15,Current and last Earth iteration according to creator in REC-039; timeline 14 is described as a separate source of information.,ATLAS RECORD,"REC-039, CLAIM-039-05/06"
Dream Restoration Exercise,"Reported first-stage cognition training sequence employing old music, private reflection and a screen-free pre-sleep period.",ATLAS RECORD,"REC-050, CLAIM-050-02/04"
Two-stage metacognition,Self-monitoring of reactions followed by analysis of communicators' desired audience responses and linguistic choices.,ATLAS RECORD,"REC-055, CLAIM-055-03/05"
Ymir dating divergence,Editorial label for last-glacial-maximum usage in REC-011 and Snowball Earth usage in REC-030/038; meanings not reconciled.,ATLAS READING,"REC-011, REC-030, REC-038; Q-020"
