id,source_id,date_context,described_event,type,evidence_status,normalized_by
PRED-001,REC-002,"Speaker references July 24, year not independently established from this edit",Naval assets move between oceans and a conflict occurs around the Sargasso Sea.,Forecast/scenario with claimed agency,Unverified; exact wording pending audio,PRED-003
PRED-002,REC-002,No specific future date confirmed,"Panama Canal is disabled, constraining movement of naval escorts.",Conditional scenario/forecast,Unverified,PRED-003
PRED-003,REC-002,~3 weeks after July 24 outline,US Pacific Fleet carrier relocates to Atlantic; Panama Canal disabled; Sargasso Sea war begins (WW3 with Russia+China).,Forecast/scenario with claimed agency,Unverified,
PRED-004,REC-025,Undated,Single-actor global power redistribution via control of the Sargasso convergence; failure of US government opposition.,Forecast with claimed agency,Unverified,
PRED-005,REC-009,Undated,Reverse-engineered UFO flaws trigger an apocalyptic event “turning the planet inside out” absent intervention.,Warning/forecast,Unverified,
PRED-006,REC-031,Undated,Puthoff lunar-nuclear proposal would trigger ultimate planetary disaster.,Conditional warning,Unverified,
PRED-007,REC-056,Undated,Fimbulwinter: three-year global winter.,Prophecy/forecast,Unverified,
PRED-008,REC-022,Undated,Promise to outline Mandela-effect ripple effects; manufactured brand-memory changes.,Claimed disclosure,Unverified,
PRED-009,REC-012,35-year horizon,Relativity engineering delivers “700 years of progress in the next 35.”,Forecast,Unverified,
