id,title,foxnote_titles,analysis_status,transcription_confidence,transcript_truncated,pages,rights_status
REC-001,Untranscribed 180-second clip (pre-batch),,untranscribed,U,,,provisional_pending_creator_consent
REC-003,Spontaneous Abilities,Spontaneous Abilities,transcribed,C,False,Hz.pdf pp. 1–2,provisional_pending_creator_consent
REC-002,Moving Pieces on the Board,Celestial Atlas;Strategic Moves,transcribed,C,False,Hz.pdf pp. 2–130,provisional_pending_creator_consent
REC-004,Celestial Grid,Celestial Grid,transcribed,C,False,Hz.pdf pp. 5–131,provisional_pending_creator_consent
REC-005,Celestial Atlas Part 3,Celestial Atlas;Celestial Timelines,summary_only,C,False,Hz.pdf pp. 10–133,provisional_pending_creator_consent
REC-006,Shadow Time,Shadow Time;Time and Shadow,summary_only,C,False,Hz.pdf pp. 11–134,provisional_pending_creator_consent
REC-007,Grub Revival,Revival of Grubs;Grub Interaction,transcribed,C,False,Hz.pdf pp. 24–26,provisional_pending_creator_consent
REC-008,Intake System Test,Intake System Test,transcribed,C,False,Hz.pdf pp. 26–29,provisional_pending_creator_consent
REC-009,Relativity Engineering (design manual),Relativity Engineering,transcribed,C,False,Hz.pdf pp. 29–31,provisional_pending_creator_consent
REC-010,Quantifying the Impossible,Quantifying the Impossible,transcribed,C,True,Hz.pdf pp. 31–49,provisional_pending_creator_consent
REC-011,Mythic Compression Engine (variant phenotype),Mythic Compression Engine;Mythic Engine,transcribed,C,False,Hz.pdf pp. 33–48,provisional_pending_creator_consent
REC-012,Relativity engineer / UAP ecological fleet,,transcribed,C,False,Hz.pdf pp. 49–51,provisional_pending_creator_consent
REC-013,Relativity Rights,Relativity Rights,summary_only,C,False,Hz.pdf pp. 51–53,provisional_pending_creator_consent
REC-014,Aldehyde off-gassing / chronic fatigue,,transcribed,C,True,Hz.pdf pp. 53–55,provisional_pending_creator_consent
REC-015,Thermal Regulation (weight loss / ability),,summary_only,C,False,Hz.pdf pp. 55–57,provisional_pending_creator_consent
REC-016,Making Enemies (shadow government baiting),,transcribed,C,False,Hz.pdf pp. 57–59,provisional_pending_creator_consent
REC-017,Relativity Threat (DoD dedication),Relativity Threat,transcribed,C,False,Hz.pdf pp. 59–62,provisional_pending_creator_consent
REC-018,I-5 Asset Claim / Sensor Calibration,I-5 Asset Claim;Sensor Calibration Site,summary_only,C,False,Hz.pdf pp. 62–63,provisional_pending_creator_consent
REC-019,Deception in Scripture,Deception in Scripture,transcribed,C,False,Hz.pdf pp. 63–65,provisional_pending_creator_consent
REC-020,Weight Loss Protocols,Weight Loss Protocols,summary_only,C,False,Hz.pdf pp. 65–66,provisional_pending_creator_consent
REC-021,Bodily Autonomy / Maslow suppression,,summary_only,C,False,Hz.pdf pp. 66–67,provisional_pending_creator_consent
REC-022,Mandela Ripple Effects,Mandela Ripple Effects,summary_only,C,False,Hz.pdf pp. 67–68,provisional_pending_creator_consent
REC-023,Nonhuman Intervention,Nonhuman Intervention,transcribed,C,False,Hz.pdf pp. 68–72,provisional_pending_creator_consent
REC-024,Relativity Disclosure,Relativity Disclosure,transcribed,C,False,Hz.pdf pp. 72–76,provisional_pending_creator_consent
REC-025,Sargasso Power,Sargasso Power,transcribed,C,False,Hz.pdf pp. 76–80,provisional_pending_creator_consent
REC-026,Psionic Purge,Psionic Purge,summary_only,C,False,Hz.pdf pp. 80–81,provisional_pending_creator_consent
REC-027,Shadow Game (1991 attempt),Shadow Game,transcribed,C,False,Hz.pdf pp. 81–83,provisional_pending_creator_consent
REC-028,Gaia Addresses China,,summary_only,C,False,Hz.pdf pp. 83–84,provisional_pending_creator_consent
REC-029,Thermal Regulation (Mesa heat),Thermal Regulation,summary_only,C,False,Hz.pdf pp. 84–85,provisional_pending_creator_consent
REC-030,Ymir Explainer (Snowball Earth),,summary_only,C,False,Hz.pdf pp. 85–86,provisional_pending_creator_consent
REC-031,Moon Time Bomb,Moon Time Bomb;Moon Genesis,transcribed,C,True,Hz.pdf pp. 86–111,provisional_pending_creator_consent
REC-032,Nobel Prize Hint,Nobel Prize Hint,summary_only,C,False,Hz.pdf pp. 88–89,provisional_pending_creator_consent
REC-033,Royal Bloodlines,Royal Bloodlines,summary_only,C,False,Hz.pdf pp. 89–90,provisional_pending_creator_consent
REC-034,Norse Code,Norse Code,summary_only,C,False,Hz.pdf pp. 90–91,provisional_pending_creator_consent
REC-035,National Security Claims,National Security Claims,summary_only,C,False,Hz.pdf pp. 91–92,provisional_pending_creator_consent
REC-036,Soul Trade (Huawei satire),Soul Trade;Soul Sale MLM,transcribed,C,False,Hz.pdf pp. 92–96,provisional_pending_creator_consent
REC-037,Nonhuman Base Atlantic (China),Nonhuman Base Atlantic,transcribed,C,False,Hz.pdf pp. 96–97,provisional_pending_creator_consent
REC-038,Mythic Compression Engine (Ymir = Snowball Earth),Mythic Compression Engine,summary_only,C,False,Hz.pdf pp. 97–98,provisional_pending_creator_consent
REC-039,Genetic Memory (GATE program),Genetic Memory,transcribed,C,False,Hz.pdf pp. 98–101,provisional_pending_creator_consent
REC-040,Sonic Bone Therapy (timeline 14),Sonic Bone Therapy,transcribed,C,False,Hz.pdf pp. 101–104,provisional_pending_creator_consent
REC-041,Celestial Interface (AI neuroscience),Celestial Interface,summary_only,C,False,Hz.pdf pp. 104–105,provisional_pending_creator_consent
REC-042,Data Power Play (psychometric classification),Data Power Play,summary_only,C,False,Hz.pdf pp. 105–107,provisional_pending_creator_consent
REC-043,Alpha Pack (satire),Alpha Pack,summary_only,C,False,Hz.pdf pp. 107–107,provisional_pending_creator_consent
REC-044,4/20 Timeline Save-File,,transcribed,C,False,Hz.pdf pp. 108–110,provisional_pending_creator_consent
REC-045,Mythic Compression Conceptualization,Mythical Compression;Compression Conceptualization,summary_only,C,False,Hz.pdf pp. 111–122,provisional_pending_creator_consent
REC-046,Mythic Encoding (upgrade templates),Mythic Encoding,summary_only,C,False,Hz.pdf pp. 112–121,provisional_pending_creator_consent
REC-047,Timeline War,Timeline War;Time War Deck,transcribed,C,False,Hz.pdf pp. 113–126,provisional_pending_creator_consent
REC-048,Risen Slain,Risen Slain,summary_only,C,False,Hz.pdf pp. 134–134,provisional_pending_creator_consent
REC-049,Celestial Atlas Part 6 (psychometric control),Psychometric Control,transcribed,C,False,Hz.pdf pp. 134–138,provisional_pending_creator_consent
REC-050,Dream Restoration Exercise,Dream Restoration Exercise,transcribed,C,False,Hz.pdf pp. 138–141,provisional_pending_creator_consent
REC-051,Surveillance Data Threshold,Surveillance Data Threshold,transcribed,C,False,Hz.pdf pp. 141–143,provisional_pending_creator_consent
REC-052,Monopoly Prediction,Monopoly Prediction,summary_only,C,False,Hz.pdf pp. 143–144,provisional_pending_creator_consent
REC-053,Relativity Engineering (continued),Relativity Engineering,transcribed,C,False,Hz.pdf pp. 144–147,provisional_pending_creator_consent
REC-054,Relativity Tech (AI containment),Relativity Tech,transcribed,C,False,Hz.pdf pp. 147–151,provisional_pending_creator_consent
REC-055,Metacognition and Control,Metacognition and Control,transcribed,C,False,Hz.pdf pp. 151–154,provisional_pending_creator_consent
REC-056,Unrelated Briefings,Unrelated Briefings,summary_only,C,False,Hz.pdf pp. 154–155,provisional_pending_creator_consent
STW-001,"Steward consent monologue (""rabbit army"")",,transcribed,C,,,steward-authored
