id,date_label,event,source_ids,kind
EVT-001,"~717,000,000 years ago",Obliteration of Moon 1.0; Earth plunged into deep freeze (Snowball Earth era).,REC-031;REC-030,cosmology
EVT-002,"~635,000,000 years ago",Moon 2.0 forged from asteroid-belt material via type-2 inverse gravity field and inserted into Earth orbit.,REC-031,cosmology
EVT-003,post-Chicxulub,Genesis 1 framed as compressed record of post-impact ecological recovery (MCE reading).,REC-038,cosmology
EVT-004,last glacial maximum,Ymir/Snowball Earth correspondence; debris scrubbed from land (Nobel hint).,REC-038;REC-032,cosmology
EVT-005,1990s,Ecological collapse predictions fail because Earth’s automated UAP fleet intervened.,REC-012,cosmology
EVT-006,1991,"Claimed multi-agency assassination attempt in Lewis County, WA; evidence of 3-vehicle simultaneity provoked.",REC-027,biography
EVT-007,2022–2026,Civilian reporting pathway test: anomalous intelligence submitted to US government intake channels.,REC-008;REC-056,biography
EVT-008,March 2026,Structured intake test (“03/19/2026” referenced) designed to force an institutional response; silence reported.,REC-008,biography
EVT-009,January (year unstated),First psionic asset termination in the claimed purge sequence.,REC-026,conflict
EVT-010,July 24 (year unstated),Initial outline of the Sargasso scenario and undersea-base calculation; anchor date referenced repeatedly.,REC-002;REC-056,prediction-anchor
EVT-011,~3 weeks after July 24,Pacific Fleet carrier move announced as scenario unfolding; REC-002 recorded.,REC-002,prediction-anchor
EVT-012,4/20 (year unstated),4/20 observance recording: save-file timeline mechanics presented.,REC-044,statement
EVT-013,2026-10-08,Batch export date of the FoxNote notes parsed in this archive update.,STW-001,archive
EVT-014,future / conditional,Sargasso Sea WW3 scenario; Panama Canal disabled; 90-day+ delay; Russia+China “red tide”; Canada annexation themes.,REC-002;REC-025;REC-056,prediction
EVT-015,future / conditional,Fimbulwinter: three-year prophetic winter with global consequences.,REC-056,prediction
